[
	{
		"id": "playngo_legacy-of-dead",
		"slug": "playngo-legacy-of-dead",
		"title": "Legacy of Dead",
		"providerName": "Play'n GO",
		"thumb": {
			"url": "//images.ctfassets.net/5acrbcz937qe/3tqUiWTXh5AbOmcyQoR7zJ/606fcd268a6a24c14ba86ad55dc8d4cd/LegacyOfDead_280x280.jpg"
		}
	},
	{
		"id": "yggdrasil_holmes-and-the-stolen-stones",
		"slug": "yggdrasil-holmes-and-the-stolen-stones",
		"title": "Holmes and The Stolen Stones",
		"providerName": "Yggdrasil",
		"thumb": {
			"url": "//images.ctfassets.net/5acrbcz937qe/36CkCaqcpdSo27Q4fNoSgk/f4939429718677d6a7212f8f9697d600/yggdrasil_holmes-and-the-stolen-stones_any"
		}
	},
	{
		"id": "pragmatic_pragmatic-play_madame-destiny-megaways",
		"slug": "pragmatic-play-madame-destiny-megaways",
		"title": "Madame Destiny Megaways",
		"providerName": "Pragmatic Play",
		"thumb": {
			"url": "//images.ctfassets.net/5acrbcz937qe/3BpYK9ahhXlExknFsR2AEX/de54a36618f0e38bde57ca23a71a23f2/MadameDestinyMegaways_280x280.jpg"
		}
	},
	{
		"id": "playngo_play-n-go_lord-merlin-and-the-lady-of-the-lake",
		"slug": "play-n-go-lord-merlin-and-the-lady-of-the-lake",
		"title": "Lord Merlin and the Lady of the Lake",
		"providerName": "Play'n GO",
		"thumb": {
			"url": "//images.ctfassets.net/5acrbcz937qe/5tnVNPFIgJ0DIeodMnsQix/91906785007948f102f3314b40f63eec/LordMerlinAndTheLadyOfTheLake_280x280.jpg"
		}
	},
	{
		"id": "pragmatic_the-dog-house",
		"slug": "pragmatic-the-dog-house",
		"title": "The Dog House",
		"providerName": "Pragmatic Play",
		"startUrl": "https://demogamesfree.pragmaticplay.net/gs2c/openGame.do?gameSymbol=vs20doghouse&lang=en&cur=EUR&jurisdiction",
		"thumb": {
			"url": "//images.ctfassets.net/5acrbcz937qe/vrn7xPHT0hjK9t7WWM31T/f934b5955eec8ed8eeb67b6d4a338b16/TheDogHouse_280x280__6_.jpg"
		}
	},
	{
		"id": "quickspin_quickspin-nero-s-fortune",
		"slug": "quickspin_nero-s-fortune",
		"title": "Nero's Fortune",
		"providerName": "Quickspin",
		"startUrl": "https://d1oij17g4yikkz.cloudfront.net/casino/launcher.html?lang=en&partnerid=513&gameid=nerosfortune&channel=web&moneymode=fun",
		"thumb": {
			"url": "//images.ctfassets.net/5acrbcz937qe/1BykaOTgK3JNLPXkcXX3Dk/47a0524f32eed170eec78800ceaef7a9/NerosFortune_280x280.jpg"
		}
	},
	{
		"id": "pragmatic_pragmatic-play_christmas-carol-megaways",
		"slug": "pragmatic-play-christmas-carol-megaways",
		"title": "Christmas Carol Megaways",
		"providerName": "Pragmatic Play",
		"thumb": {
			"url": "//images.ctfassets.net/5acrbcz937qe/3cv6bwxyWDJzWRAZXiwbbv/a4d5a05bb48dfed314a57e1c9d4c1c08/ChristmasCarolMegaways_280x280.jpg"
		}
	},
	{
		"id": "pragmatic_release-the-kraken",
		"slug": "pragmatic-release-the-kraken",
		"title": "Release the Kraken",
		"providerName": "Pragmatic Play",
		"thumb": {
			"url": "//images.ctfassets.net/5acrbcz937qe/uIbduPq14Caa2KQJ0lvvg/5b609d40f2dff460451a49470a87bd10/ReleaseTheKraken_280x280__4_.jpg"
		}
	},
	{
		"id": "pragmatic_pragmatic-play_voodoo-magictm",
		"slug": "pragmatic-play-voodoo-magic",
		"title": "Voodoo Magic™",
		"providerName": "Pragmatic Play",
		"thumb": {
			"url": "//images.ctfassets.net/5acrbcz937qe/1SqkZM1mLOVyLZH3b3ePO3/0b958fc331722745054aa0afe2328556/VoodooMagic_280x280.jpg"
		}
	},
	{
		"id": "pragmatic_leprechaun-carol",
		"slug": "pragmatic-leprechaun-carol",
		"title": "Leprechaun Carol",
		"providerName": "Pragmatic Play",
		"thumb": {
			"url": "//images.ctfassets.net/5acrbcz937qe/6Ljsy5PFLVioiAOCiZg3FF/6323dfb293e7f2938f293f7b5eaa0e17/pragmatic_leprechaun-carol_any"
		}
	},
	{
		"id": "pragmatic_santa",
		"slug": "pragmatic-santa",
		"title": "Santa",
		"providerName": "Pragmatic Play",
		"thumb": {
			"url": "//images.ctfassets.net/5acrbcz937qe/7ou9H1UPVMuFeFulpx6YV9/77133b50e675deb973517808e8780f0a/pragmatic_santa_any"
		}
	},
	{
		"id": "pragmatic_sweet-bonanza-xmas",
		"slug": "pragmatic-sweet-bonanza-xmas",
		"title": "Sweet Bonanza Xmas",
		"providerName": "Pragmatic Play",
		"thumb": {
			"url": "//images.ctfassets.net/5acrbcz937qe/fXT1mi0Ff35V0KtNLlrVM/fbf52ea81d6afa87a8d07ea2f0729bec/pragmatic_sweet-bonanza-xmas_any"
		}
	},
	{
		"id": "pragmatic_pragmatic-play_mysterious-egypttm",
		"slug": "pragmatic-play-mysterious-egypt",
		"title": "Mysterious Egypt",
		"providerName": "Pragmatic Play",
		"thumb": {
			"url": "//images.ctfassets.net/5acrbcz937qe/dgaSBKpDgiHgYmT7y75qW/0dcb16ba0d54dd9754c5cb49a34059d2/MysteriousEgypt_280x280.jpg"
		}
	},
	{
		"id": "pragmatic_pragmatic-play_wild-wild-riches",
		"slug": "pragmatic-play-wild-wild-riches",
		"title": "Wild Wild Riches",
		"providerName": "Pragmatic Play",
		"thumb": {
			"url": "//images.ctfassets.net/5acrbcz937qe/6aVnDFzK4VGCSsMpPHSkaA/294cb428aea2665af5e52cbdb65fc172/WildWildRiches_280x280.jpg"
		}
	},
	{
		"id": "pragmatic_pragmatic-play_ultra-hold-and-spin",
		"slug": "pragmatic-play-ultra-hold-and-spin",
		"title": "Ultra Hold and Spin",
		"providerName": "Pragmatic Play",
		"thumb": {
			"url": "//images.ctfassets.net/5acrbcz937qe/5V175DBuWRuhStWnol5OO7/c6d703f891236604a3a85477bdbe7c0d/UltraHold_Spin_280x280_DW.jpg"
		}
	},
	{
		"id": "playngo_play-n-go_miner-donkey-trouble",
		"slug": "play-n-go-miner-donkey-trouble",
		"title": "Miner Donkey Trouble",
		"providerName": "Play'n GO",
		"thumb": {
			"url": "//images.ctfassets.net/5acrbcz937qe/48aLee1xNjm22zCt59hmuv/f69a349f2c8f69a686ed08034bd977a4/MinerDonkeyTrouble_280x280.jpg"
		}
	},
	{
		"id": "pragmatic_wolf-gold",
		"slug": "pragmatic-wolf-gold",
		"title": "Wolf Gold",
		"providerName": "Pragmatic Play",
		"thumb": {
			"url": "//images.ctfassets.net/5acrbcz937qe/4xP0oRIY6wax0BIdyxVoh/5927e136cc5832c4d27fdbbec2696918/WolfGold_280x280.jpg"
		}
	},
	{
		"id": "pragmatic_fruit-party",
		"slug": "pragmatic-fruit-party",
		"title": "Fruit Party",
		"providerName": "Pragmatic Play",
		"thumb": {
			"url": "//images.ctfassets.net/5acrbcz937qe/2h9gVTvv1Mzse6hfdHXAaM/af4b49b748b0e33cf0ee315196cda58e/FruitParty_280x280.jpg"
		}
	},
	{
		"id": "pragmatic_great-rhino-megaways",
		"slug": "pragmatic-great-rhino-megaways",
		"title": "Great Rhino Megaways",
		"providerName": "Pragmatic Play",
		"thumb": {
			"url": "//images.ctfassets.net/5acrbcz937qe/75ZaNFgJ6eAiAPRMYJA2zj/3cb9a886ed03729ac6551b7454e58b52/GreatRhinoMegaways_280x280.jpg"
		}
	},
	{
		"id": "pragmatic_pragmatic-play_cowboys-gold",
		"slug": "pragmatic-play-cowboys-gold",
		"title": "Cowboys Gold",
		"providerName": "Pragmatic Play",
		"thumb": {
			"url": "//images.ctfassets.net/5acrbcz937qe/1CHcq30XctUBWsf2Zslzmz/7099be0e2b81eed939dddf4b49fd49fe/CowboysGold_280x280.jpg"
		}
	},
	{
		"id": "yggdrasil_the-royal-family",
		"slug": "yggdrasil-the-royal-family",
		"title": "The Royal Family",
		"providerName": "Yggdrasil",
		"thumb": {
			"url": "//images.ctfassets.net/5acrbcz937qe/1IZQvb7xZCMBY2UvBmdYtF/7de55b44b37d0973db573ff93017edc5/TheRoyalFamily_280x280.jpg"
		}
	},
	{
		"id": "yggdrasil_golden-fishtank",
		"slug": "yggdrasil-golden-fishtank",
		"title": "Golden Fish Tank",
		"providerName": "Yggdrasil",
		"thumb": {
			"url": "//images.ctfassets.net/5acrbcz937qe/7sueRc6XlgfWrgxv81kynp/b3d0c6b7db69234fe73503328ce24160/yggdrasil_golden-fishtank_any"
		}
	},
	{
		"id": "yggdrasil_yggdrasil_carol-of-the-elves",
		"slug": "yggdrasil-carol-of-the-elves",
		"title": "Carol of the Elves",
		"providerName": "Yggdrasil",
		"thumb": {
			"url": "//images.ctfassets.net/5acrbcz937qe/3weYirBTmeIZKjWWnT5Ezj/c116eb7b8e3035805fe463471b99207b/CarolOfTheElves_280x280.jpg"
		}
	},
	{
		"id": "yggdrasil_9kyeti",
		"slug": "yggdrasil-9kyeti",
		"title": "9kYeti",
		"providerName": "Yggdrasil",
		"thumb": {
			"url": "//images.ctfassets.net/5acrbcz937qe/28LxFDrUYQbPbTReePYiCN/8c06c1709c993c03238e143f32854a85/9kYetiChristmas_280x280.jpg"
		}
	},
	{
		"id": "yggdrasil_aretfacts--vault-of-fortune",
		"slug": "yggdrasil-aretfacts-vault-of-fortune",
		"title": "Vault of Fortune",
		"providerName": "Yggdrasil",
		"thumb": {
			"url": "//images.ctfassets.net/5acrbcz937qe/4caqRjPb18JUQN3lSkRvnm/9d0ac576cce14f4403e241fae9166984/VaultOfFortune_280x280.jpg"
		}
	},
	{
		"id": "yggdrasil_yggdrasil_hyper-burst",
		"slug": "yggdrasil-hyper-burst",
		"title": "Hyper Burst",
		"providerName": "Yggdrasil",
		"thumb": {
			"url": "//images.ctfassets.net/5acrbcz937qe/2fEBH4uvDo6QLAuOCNThvT/3c79cb91b5908c3da401009b107107e2/HyperBurst_280x280.jpg"
		}
	},
	{
		"id": "playngo_tome-of-madness",
		"slug": "playngo-tome-of-madness",
		"title": "Tome of Madness",
		"providerName": "Play'n GO",
		"thumb": null
	}
]